<?xml version="1.0" encoding="UTF-8"?>
<root>
  <item name="com.ubercab.android.location.service.UberLocationClientError UberLocationClientError(int, int) 1">
    <annotation name="android.support.annotation.IntDef">
      <val name="value" val="{com.ubercab.android.location.service.UberLocationClientError.Type.GOOGLE, com.ubercab.android.location.service.UberLocationClientError.Type.BAIDU, com.ubercab.android.location.service.UberLocationClientError.Type.PERMISSION}" />
    </annotation>
  </item>
  <item name="com.ubercab.android.location.service.UberLocationClientError mResultType">
    <annotation name="android.support.annotation.IntDef">
      <val name="value" val="{com.ubercab.android.location.service.UberLocationClientError.Type.GOOGLE, com.ubercab.android.location.service.UberLocationClientError.Type.BAIDU, com.ubercab.android.location.service.UberLocationClientError.Type.PERMISSION}" />
    </annotation>
  </item>
</root>

